"","u_t2_Tmin_keep[(nrow(u_t2_Tmin_keep) - 9):nrow(u_t2_Tmin_keep), ","u_t2_Tmax_keep[(nrow(u_t2_Tmax_keep) - 9):nrow(u_t2_Tmax_keep), ","u_t2_alpha_keep[(nrow(u_t2_alpha_keep) - 9):nrow(u_t2_alpha_keep), "
"1","Quercus.intermediate","Amaranthaceae","Olea"
"2","Phillyrea","Myrtaceae","Myrtaceae"
"3","Cistaceae","Cistus","Quercus.evergreen"
"4","Oleaceae","Amaryllidaceae","Pistacia"
"5","Cistus","Phillyrea","Cistaceae"
"6","Arbutus","Pistacia","Amaryllidaceae"
"7","Pistacia","Ephedra","Cistus"
"8","Myrtaceae","Thymelaeaceae","Ephedra"
"9","Ilex","Tamarix","Tamarix"
"10","Thymelaeaceae","Oleaceae","Thymelaeaceae"
